{
    "No Disease": {
        "precision": 0.8048780487804879,
        "recall": 0.8048780487804879,
        "f1-score": 0.8048780487804877,
        "support": 82.0
    },
    "Disease": {
        "precision": 0.8431372549019608,
        "recall": 0.8431372549019608,
        "f1-score": 0.8431372549019607,
        "support": 102.0
    },
    "accuracy": 0.8260869565217391,
    "macro avg": {
        "precision": 0.8240076518412243,
        "recall": 0.8240076518412243,
        "f1-score": 0.8240076518412243,
        "support": 184.0
    },
    "weighted avg": {
        "precision": 0.8260869565217391,
        "recall": 0.8260869565217391,
        "f1-score": 0.8260869565217391,
        "support": 184.0
    }
}