{
    "No Disease": {
        "precision": 0.8311688311688312,
        "recall": 0.7804878048780488,
        "f1-score": 0.8050314465408805,
        "support": 82.0
    },
    "Disease": {
        "precision": 0.8317757009345794,
        "recall": 0.8725490196078431,
        "f1-score": 0.8516746411483254,
        "support": 102.0
    },
    "accuracy": 0.8315217391304348,
    "macro avg": {
        "precision": 0.8314722660517053,
        "recall": 0.826518412242946,
        "f1-score": 0.828353043844603,
        "support": 184.0
    },
    "weighted avg": {
        "precision": 0.8315052481041916,
        "recall": 0.8315217391304348,
        "f1-score": 0.8308880000732685,
        "support": 184.0
    }
}